Python,Cython,PyPy,Nuitka
308.1887405,316.61089690000006,71.2276296,326.3303204